frame_id,timestamp,object_id,speed_kmph,x1,y1,x2,y2
1,0.03,7,0.0,192,151,228,183
2,0.07,7,0.0,193,151,229,183
3,0.1,7,0.0,196,151,231,183
4,0.13,7,0.0,197,152,232,183
5,0.17,7,0.0,197,151,233,184
6,0.2,7,0.0,197,151,233,184
7,0.23,7,0.0,196,152,233,185
8,0.27,7,0.0,198,151,235,186
9,0.3,7,0.0,199,151,237,186
10,0.33,7,0.0,199,151,238,187
11,0.37,5,0.0,200,151,239,188
12,0.4,5,0.0,202,151,240,188
13,0.43,7,0.0,202,151,242,189
14,0.47,7,0.0,198,151,240,190
15,0.5,7,0.0,196,151,239,191
16,0.53,7,0.0,196,152,240,192
17,0.57,7,0.0,195,151,241,193
18,0.6,7,0.0,198,152,245,194
19,0.63,7,0.0,204,152,250,195
20,0.67,7,0.0,203,152,249,195
21,0.7,7,0.0,206,153,251,195
22,0.73,7,0.0,202,153,249,195
23,0.77,7,0.0,201,153,249,196
24,0.8,7,0.0,199,153,249,197
25,0.83,7,0.0,199,154,251,198
26,0.87,7,0.0,207,155,258,199
27,0.9,7,0.0,208,155,259,199
28,0.93,7,0.0,205,155,258,200
29,0.97,7,0.0,212,156,264,201
30,1.0,7,0.0,206,156,261,202
31,1.03,7,0.0,205,156,262,203
32,1.07,7,0.0,212,156,270,205
33,1.1,7,0.0,211,157,271,207
34,1.13,7,0.0,209,157,271,208
35,1.17,7,0.0,208,157,272,208
36,1.2,7,0.0,210,157,275,209
37,1.23,7,0.0,211,156,277,210
38,1.27,7,0.0,209,155,279,211
39,1.3,7,0.0,209,155,282,212
40,1.33,7,0.0,207,154,284,215
41,1.37,7,0.0,207,154,286,215
42,1.4,5,0.0,207,153,289,217
43,1.43,7,0.0,210,155,292,218
44,1.47,7,0.0,210,153,296,219
45,1.5,7,0.0,212,156,298,222
46,1.53,7,0.0,211,156,301,223
47,1.57,5,0.0,211,154,306,224
48,1.6,5,0.0,210,152,309,226
49,1.63,5,0.0,210,151,312,227
50,1.67,5,0.0,210,151,315,229
51,1.7,5,0.0,210,149,320,231
52,1.73,5,0.0,210,148,324,233
53,1.77,5,0.0,211,147,330,235
54,1.8,5,0.0,212,147,334,237
55,1.83,5,0.0,213,146,338,240
56,1.87,5,0.0,214,147,342,242
57,1.9,5,0.0,216,148,344,244
58,1.93,5,0.0,218,147,350,246
59,1.97,5,0.0,219,148,354,248
60,2.0,5,0.0,220,146,359,250
60,2.0,2,26.0,614,218,636,251
61,2.03,5,0.0,220,144,366,253
61,2.03,2,26.0,610,217,632,250
62,2.07,5,0.0,223,149,369,257
63,2.1,5,0.0,226,150,373,259
64,2.13,5,0.0,228,151,378,261
65,2.17,5,0.0,229,151,383,264
66,2.2,5,0.0,231,152,389,267
66,2.2,2,26.0,558,209,639,250
67,2.23,5,0.0,232,153,396,270
67,2.23,2,26.0,551,207,636,250
68,2.27,5,0.0,235,155,402,274
68,2.27,2,26.0,546,206,632,248
69,2.3,5,0.0,238,157,408,277
69,2.3,2,26.0,540,205,626,247
70,2.33,5,0.0,240,157,415,281
70,2.33,2,26.0,530,203,618,246
71,2.37,5,0.0,242,157,424,284
71,2.37,2,26.0,521,202,609,244
72,2.4,5,0.0,242,156,432,289
72,2.4,2,26.0,514,201,599,241
73,2.43,2,26.0,505,199,591,239
74,2.47,2,26.0,495,197,581,237
75,2.5,2,26.0,487,195,575,235
75,2.5,2,26.0,596,192,621,213
76,2.53,2,26.0,481,194,565,232
77,2.57,2,26.0,473,192,557,230
78,2.6,2,26.0,472,192,553,229
79,2.63,2,26.0,468,191,547,228
80,2.67,2,26.0,462,189,539,225
81,2.7,2,26.0,185,152,208,172
81,2.7,7,0.0,266,157,515,329
82,2.73,2,26.0,186,152,209,173
82,2.73,7,0.0,266,157,526,335
83,2.77,2,26.0,186,152,210,174
84,2.8,2,26.0,186,152,211,174
84,2.8,7,0.0,271,158,547,347
85,2.83,2,26.0,187,153,212,174
86,2.87,2,26.0,187,153,213,175
86,2.87,7,0.0,280,159,569,354
87,2.9,2,26.0,187,153,213,176
87,2.9,7,0.0,285,159,580,356
87,2.9,2,26.0,597,197,622,218
88,2.93,2,26.0,187,154,213,176
88,2.93,2,26.0,593,198,616,217
89,2.97,2,26.0,188,154,214,177
90,3.0,2,26.0,188,154,215,177
91,3.03,2,26.0,188,154,215,178
92,3.07,2,26.0,190,155,217,178
93,3.1,2,26.0,190,155,218,179
94,3.13,2,26.0,191,155,219,179
95,3.17,2,26.0,191,155,220,180
96,3.2,2,26.0,191,155,221,181
97,3.23,2,26.0,191,155,223,181
98,3.27,7,0.0,190,153,224,181
99,3.3,2,26.0,194,156,224,181
100,3.33,2,26.0,194,156,226,182
101,3.37,2,26.0,193,155,228,184
102,3.4,2,26.0,191,152,230,184
103,3.43,2,26.0,190,151,231,185
104,3.47,2,26.0,190,150,232,186
105,3.5,2,26.0,190,150,234,187
105,3.5,2,26.0,328,165,383,188
106,3.53,2,26.0,191,150,234,187
106,3.53,2,26.0,325,166,379,189
107,3.57,2,26.0,191,150,236,188
107,3.57,2,26.0,322,166,375,188
108,3.6,2,26.0,193,151,238,189
108,3.6,2,26.0,318,165,370,187
109,3.63,2,26.0,200,156,239,189
109,3.63,2,26.0,317,165,364,185
110,3.67,2,26.0,195,152,239,189
110,3.67,2,26.0,314,165,358,183
111,3.7,2,26.0,197,155,239,190
111,3.7,2,26.0,310,164,354,183
112,3.73,2,26.0,201,155,243,191
112,3.73,2,26.0,307,163,352,183
113,3.77,2,26.0,204,157,245,192
113,3.77,2,26.0,305,163,349,182
114,3.8,2,26.0,205,157,247,193
114,3.8,2,26.0,304,162,346,179
114,3.8,7,0.0,199,152,247,192
115,3.83,2,26.0,207,158,249,193
115,3.83,2,26.0,302,162,341,178
115,3.83,7,0.0,199,151,248,192
116,3.87,2,26.0,299,161,337,177
116,3.87,7,0.0,195,148,248,193
117,3.9,2,26.0,294,161,332,177
117,3.9,7,0.0,184,135,254,194
118,3.93,2,26.0,292,160,334,177
118,3.93,7,0.0,180,129,258,196
119,3.97,2,26.0,290,160,332,177
119,3.97,7,0.0,181,129,260,197
119,3.97,7,0.0,199,149,255,197
120,4.0,2,26.0,288,160,327,177
120,4.0,7,0.0,196,147,257,198
121,4.03,2,26.0,287,160,327,177
121,4.03,2,26.0,202,152,257,198
122,4.07,2,26.0,286,159,325,176
122,4.07,2,26.0,205,155,259,199
122,4.07,7,0.0,205,156,260,199
122,4.07,2,26.0,286,159,314,175
123,4.1,2,26.0,283,159,322,175
123,4.1,7,0.0,205,153,261,200
123,4.1,2,26.0,206,156,261,199
124,4.13,2,26.0,281,158,319,174
124,4.13,7,0.0,205,153,264,201
124,4.13,2,26.0,206,156,263,201
125,4.17,2,26.0,279,158,317,174
125,4.17,7,0.0,208,154,266,202
125,4.17,2,26.0,207,156,266,202
126,4.2,2,26.0,278,158,314,173
126,4.2,7,0.0,208,152,269,204
126,4.2,2,26.0,208,155,269,203
127,4.23,2,26.0,277,158,311,172
127,4.23,7,0.0,202,143,277,206
128,4.27,2,26.0,279,158,311,172
128,4.27,7,0.0,202,139,281,207
129,4.3,5,0.0,203,137,284,208
129,4.3,7,0.0,200,139,286,208
130,4.33,7,0.0,205,136,286,210
131,4.37,7,0.0,205,136,287,211
132,4.4,7,0.0,207,136,290,213
133,4.43,7,0.0,209,136,293,215
134,4.47,7,0.0,212,136,295,216
135,4.5,7,0.0,205,136,291,217
136,4.53,7,0.0,205,136,293,219
137,4.57,7,0.0,211,136,300,220
138,4.6,7,0.0,214,136,304,221
139,4.63,7,0.0,203,130,303,224
140,4.67,7,0.0,197,123,307,226
141,4.7,7,0.0,194,118,312,228
142,4.73,7,0.0,193,117,315,230
143,4.77,7,0.0,195,119,318,232
144,4.8,7,0.0,200,126,319,234
145,4.83,5,0.0,202,130,321,235
146,4.87,5,0.0,206,133,326,238
147,4.9,5,0.0,209,135,331,241
148,4.93,7,0.0,209,135,335,243
149,4.97,7,0.0,207,133,342,246
150,5.0,7,0.0,207,131,348,249
151,5.03,7,0.0,205,130,354,252
152,5.07,7,0.0,205,130,361,256
152,5.07,3,0.0,202,212,218,238
153,5.1,7,0.0,206,130,366,259
153,5.1,3,0.0,203,213,219,239
154,5.13,7,0.0,206,130,373,263
154,5.13,3,0.0,204,214,221,242
155,5.17,7,0.0,207,130,378,266
155,5.17,3,0.0,204,211,225,244
156,5.2,3,0.0,206,214,226,247
157,5.23,3,0.0,208,217,228,249
158,5.27,3,0.0,211,221,230,251
161,5.37,7,0.0,215,129,421,290
162,5.4,3,0.0,218,231,242,263
163,5.43,3,0.0,218,227,247,266
164,5.47,3,0.0,220,229,250,270
169,5.63,7,0.0,233,130,499,331
175,5.83,7,0.0,248,129,539,340
184,6.13,3,0.0,313,290,371,358
185,6.17,2,26.0,321,299,373,359
196,6.53,7,0.0,299,130,601,336
197,6.57,7,0.0,263,72,640,341
198,6.6,7,0.0,283,104,631,341
199,6.63,7,0.0,292,121,627,343
200,6.67,7,0.0,296,125,627,342
201,6.7,7,0.0,298,127,629,341
202,6.73,7,0.0,308,129,606,317
203,6.77,7,0.0,297,128,632,340
206,6.87,7,0.0,303,129,640,344
207,6.9,7,0.0,304,128,640,344
208,6.93,7,0.0,309,129,619,330
210,7.0,2,26.0,171,170,200,193
211,7.03,2,26.0,170,167,203,193
211,7.03,7,0.0,319,127,640,347
212,7.07,2,26.0,170,167,204,194
213,7.1,2,26.0,170,166,206,194
214,7.13,2,26.0,169,164,208,196
215,7.17,2,26.0,169,163,210,197
215,7.17,7,0.0,337,125,640,353
216,7.2,2,26.0,169,162,211,198
216,7.2,7,0.0,342,123,640,344
217,7.23,2,26.0,168,163,211,199
217,7.23,7,0.0,359,128,640,348
218,7.27,7,0.0,372,128,640,349
219,7.3,2,26.0,166,157,218,202
220,7.33,2,26.0,167,161,215,203
221,7.37,2,26.0,167,159,217,205
222,7.4,2,26.0,166,157,219,206
223,7.43,7,0.0,169,160,219,207
224,7.47,2,26.0,173,167,217,208
225,7.5,7,0.0,171,164,220,210
226,7.53,2,26.0,172,163,221,211
227,7.57,2,26.0,172,163,222,211
228,7.6,2,26.0,173,164,224,213
229,7.63,2,26.0,174,165,225,215
230,7.67,2,26.0,173,164,226,216
231,7.7,2,26.0,182,171,229,217
232,7.73,2,26.0,186,174,231,218
233,7.77,2,26.0,188,175,233,220
234,7.8,2,26.0,188,176,235,222
235,7.83,2,26.0,190,177,236,224
236,7.87,2,26.0,192,178,239,226
237,7.9,2,26.0,192,178,242,228
238,7.93,2,26.0,192,178,243,230
239,7.97,7,0.0,193,178,246,232
240,8.0,2,26.0,191,178,247,234
241,8.03,7,0.0,194,179,251,237
242,8.07,7,0.0,187,172,255,241
243,8.1,2,26.0,187,171,257,242
244,8.13,7,0.0,187,170,262,245
244,8.13,2,26.0,187,169,262,245
245,8.17,7,0.0,188,170,265,248
246,8.2,7,0.0,190,170,269,251
247,8.23,7,0.0,191,171,273,255
248,8.27,7,0.0,193,173,277,258
249,8.3,7,0.0,195,174,282,262
250,8.33,7,0.0,197,175,286,266
251,8.37,7,0.0,198,176,291,271
252,8.4,5,0.0,200,178,297,275
253,8.43,5,0.0,203,180,302,280
253,8.43,7,0.0,202,180,303,280
254,8.47,7,0.0,205,180,308,284
254,8.47,5,0.0,204,180,308,283
255,8.5,5,0.0,206,181,315,290
255,8.5,7,0.0,205,180,316,290
256,8.53,7,0.0,208,182,322,295
256,8.53,5,0.0,207,182,323,296
258,8.6,5,0.0,215,185,336,306
259,8.63,7,0.0,218,187,344,312
260,8.67,5,0.0,221,189,353,320
261,8.7,2,26.0,225,191,362,327
262,8.73,2,26.0,228,193,372,336
263,8.77,2,26.0,231,194,383,344
264,8.8,2,26.0,234,195,395,353
265,8.83,2,26.0,240,197,406,358
266,8.87,2,26.0,248,200,415,360
278,9.27,2,26.0,335,239,590,357
279,9.3,2,26.0,356,243,605,357
280,9.33,7,0.0,374,249,612,358
281,9.37,2,26.0,389,254,616,357
308,10.27,2,26.0,352,154,387,173
309,10.3,2,26.0,351,153,387,173
310,10.33,2,26.0,349,153,387,172
327,10.9,2,26.0,189,214,201,241
328,10.93,2,26.0,189,214,203,245
329,10.97,3,0.0,191,217,204,247
330,11.0,3,0.0,193,221,207,252
331,11.03,3,0.0,193,221,208,255
332,11.07,3,0.0,195,224,210,257
333,11.1,3,0.0,197,228,212,261
333,11.1,2,26.0,196,148,217,164
334,11.13,3,0.0,198,229,215,264
334,11.13,2,26.0,197,148,217,164
335,11.17,3,0.0,201,233,217,267
335,11.17,2,26.0,197,148,217,164
336,11.2,3,0.0,205,237,219,267
336,11.2,2,26.0,198,148,218,164
337,11.23,2,26.0,198,148,219,165
338,11.27,2,26.0,200,149,220,165
339,11.3,2,26.0,201,150,221,166
340,11.33,2,26.0,201,150,222,166
341,11.37,2,26.0,202,150,224,167
342,11.4,2,26.0,204,150,225,167
343,11.43,2,26.0,206,152,225,167
344,11.47,2,26.0,206,151,227,168
344,11.47,3,0.0,322,289,380,349
345,11.5,2,26.0,208,151,228,168
346,11.53,2,26.0,209,152,229,169
347,11.57,2,26.0,210,152,230,169
348,11.6,2,26.0,210,152,231,169
348,11.6,3,0.0,227,215,243,235
348,11.6,3,0.0,359,309,416,358
349,11.63,2,26.0,211,153,232,170
349,11.63,3,0.0,228,214,247,239
349,11.63,3,0.0,371,314,424,359
350,11.67,2,26.0,213,153,234,171
350,11.67,3,0.0,230,218,248,241
351,11.7,2,26.0,214,153,234,171
351,11.7,3,0.0,234,221,251,243
352,11.73,2,26.0,215,154,235,172
352,11.73,3,0.0,237,224,253,245
353,11.77,2,26.0,216,154,237,172
353,11.77,3,0.0,238,224,257,248
354,11.8,2,26.0,216,153,238,173
354,11.8,3,0.0,240,226,259,250
355,11.83,2,26.0,216,153,238,173
355,11.83,3,0.0,241,227,261,253
356,11.87,2,26.0,217,153,240,174
356,11.87,3,0.0,242,226,265,256
357,11.9,2,26.0,218,153,241,174
357,11.9,3,0.0,244,226,267,256
358,11.93,2,26.0,218,153,242,175
358,11.93,3,0.0,243,218,272,256
359,11.97,2,26.0,219,153,244,175
359,11.97,3,0.0,245,218,277,261
360,12.0,2,26.0,219,153,245,176
360,12.0,3,0.0,251,228,280,266
361,12.03,2,26.0,221,154,246,177
361,12.03,3,0.0,255,232,281,264
362,12.07,2,26.0,222,154,248,178
362,12.07,3,0.0,258,231,286,266
363,12.1,2,26.0,222,154,249,178
363,12.1,3,0.0,264,239,290,271
364,12.13,2,26.0,222,153,250,178
364,12.13,3,0.0,268,244,295,279
365,12.17,2,26.0,222,152,252,179
365,12.17,3,0.0,273,247,300,280
366,12.2,2,26.0,222,152,253,179
366,12.2,3,0.0,278,250,303,281
367,12.23,2,26.0,223,152,255,181
367,12.23,3,0.0,282,255,310,289
368,12.27,2,26.0,227,154,258,181
368,12.27,3,0.0,287,259,317,296
369,12.3,2,26.0,227,154,259,182
370,12.33,2,26.0,233,156,262,182
371,12.37,2,26.0,235,156,265,183
372,12.4,2,26.0,237,157,267,184
372,12.4,2,26.0,225,156,268,183
373,12.43,2,26.0,238,156,269,184
373,12.43,2,26.0,224,153,272,184
374,12.47,2,26.0,240,157,271,185
374,12.47,2,26.0,227,155,273,184
375,12.5,2,26.0,242,158,273,186
375,12.5,2,26.0,230,157,273,184
376,12.53,2,26.0,243,159,275,187
377,12.57,2,26.0,246,159,277,188
377,12.57,2,26.0,234,158,278,186
378,12.6,2,26.0,248,160,281,189
378,12.6,2,26.0,235,158,283,188
379,12.63,2,26.0,250,160,283,190
379,12.63,2,26.0,237,159,284,189
380,12.67,2,26.0,251,160,285,191
380,12.67,2,26.0,237,158,286,190
381,12.7,2,26.0,254,161,287,191
381,12.7,2,26.0,239,159,289,192
382,12.73,2,26.0,255,161,291,193
382,12.73,2,26.0,238,158,292,194
383,12.77,2,26.0,257,161,293,194
383,12.77,2,26.0,240,156,293,192
384,12.8,2,26.0,259,162,296,195
384,12.8,2,26.0,243,158,294,191
385,12.83,2,26.0,262,162,299,196
385,12.83,2,26.0,246,160,298,195
386,12.87,2,26.0,264,162,301,197
386,12.87,2,26.0,247,160,302,196
387,12.9,2,26.0,267,163,304,197
387,12.9,7,0.0,235,149,306,197
388,12.93,2,26.0,269,163,306,197
388,12.93,2,26.0,240,152,307,197
389,12.97,2,26.0,271,164,310,200
389,12.97,7,0.0,236,146,314,200
390,13.0,2,26.0,274,164,312,198
391,13.03,2,26.0,279,165,315,198
393,13.1,7,0.0,242,144,329,204
394,13.13,7,0.0,245,144,332,205
394,13.13,2,26.0,286,167,329,206
395,13.17,7,0.0,251,142,333,199
395,13.17,2,26.0,282,167,330,208
396,13.2,7,0.0,249,141,341,207
396,13.2,2,26.0,281,167,332,210
397,13.23,7,0.0,255,147,342,209
397,13.23,7,0.0,281,167,334,211
398,13.27,7,0.0,254,144,348,212
398,13.27,7,0.0,292,169,344,213
399,13.3,7,0.0,255,143,353,214
399,13.3,7,0.0,280,167,340,214
400,13.33,7,0.0,259,143,357,214
401,13.37,7,0.0,264,144,361,214
403,13.43,3,0.0,318,285,370,344
403,13.43,2,26.0,317,175,367,214
404,13.47,3,0.0,326,279,376,335
404,13.47,7,0.0,270,144,380,225
405,13.5,7,0.0,274,144,384,225
406,13.53,7,0.0,276,144,390,229
407,13.57,7,0.0,279,146,396,233
408,13.6,7,0.0,281,145,403,237
409,13.63,5,0.0,286,145,408,237
410,13.67,7,0.0,290,148,414,241
411,13.7,7,0.0,295,149,421,243
412,13.73,5,0.0,299,149,429,245
414,13.8,5,0.0,306,149,445,252
415,13.83,7,0.0,311,150,453,254
416,13.87,7,0.0,316,150,462,258
417,13.9,7,0.0,318,149,472,263
419,13.97,3,0.0,228,206,247,246
419,13.97,7,0.0,328,150,490,269
420,14.0,7,0.0,334,150,502,273
421,14.03,7,0.0,339,150,513,277
423,14.1,3,0.0,244,225,261,260
423,14.1,7,0.0,352,152,537,287
424,14.13,3,0.0,247,223,265,263
424,14.13,7,0.0,354,149,547,290
425,14.17,3,0.0,251,230,270,269
425,14.17,7,0.0,362,151,557,295
426,14.2,3,0.0,255,234,274,273
426,14.2,7,0.0,371,153,569,298
427,14.23,3,0.0,260,239,279,277
427,14.23,7,0.0,377,155,579,303
428,14.27,3,0.0,268,244,287,282
428,14.27,7,0.0,384,156,591,307
429,14.3,7,0.0,392,157,603,312
430,14.33,7,0.0,400,158,617,317
431,14.37,7,0.0,407,158,631,322
432,14.4,7,0.0,414,159,640,326
433,14.43,7,0.0,418,159,640,330
434,14.47,7,0.0,423,161,640,334
435,14.5,7,0.0,434,162,640,329
436,14.53,7,0.0,440,163,640,332
437,14.57,3,0.0,319,278,369,344
438,14.6,3,0.0,326,278,381,350
439,14.63,3,0.0,336,282,394,357
441,14.7,7,0.0,482,170,640,327
442,14.73,7,0.0,492,171,640,327
552,18.4,2,26.0,616,189,640,236
553,18.43,2,26.0,613,189,637,235
554,18.47,2,26.0,610,189,634,235
555,18.5,2,26.0,607,187,632,234
556,18.53,2,26.0,604,189,629,233
560,18.67,7,0.0,576,170,637,232
561,18.7,7,0.0,574,169,635,231
562,18.73,7,0.0,570,167,633,230
563,18.77,7,0.0,579,167,640,228
564,18.8,7,0.0,581,167,640,226
565,18.83,7,0.0,568,167,627,225
567,18.9,7,0.0,532,165,640,233
568,18.93,7,0.0,529,164,640,233
569,18.97,7,0.0,525,164,638,235
570,19.0,7,0.0,522,164,634,234
571,19.03,7,0.0,519,164,631,233
572,19.07,7,0.0,516,164,629,233
573,19.1,7,0.0,514,164,626,232
574,19.13,7,0.0,510,163,625,231
575,19.17,7,0.0,506,162,624,231
576,19.2,7,0.0,503,162,621,230
577,19.23,7,0.0,497,160,618,228
578,19.27,7,0.0,489,158,614,226
579,19.3,5,0.0,483,157,609,225
580,19.33,5,0.0,477,157,604,225
580,19.33,7,0.0,468,157,612,225
581,19.37,7,0.0,484,161,602,223
581,19.37,5,0.0,477,159,613,223
582,19.4,7,0.0,483,161,598,222
582,19.4,5,0.0,484,170,598,223
583,19.43,5,0.0,468,158,589,221
583,19.43,7,0.0,471,161,600,221
584,19.47,7,0.0,466,157,587,220
584,19.47,5,0.0,466,159,594,220
585,19.5,7,0.0,458,157,577,218
585,19.5,7,0.0,471,165,584,218
586,19.53,7,0.0,450,155,570,216
586,19.53,5,0.0,452,158,576,216
587,19.57,7,0.0,444,155,565,216
587,19.57,5,0.0,442,156,569,216
588,19.6,7,0.0,440,154,560,214
588,19.6,5,0.0,437,155,563,214
590,19.67,5,0.0,432,156,547,212
591,19.7,7,0.0,425,154,545,212
592,19.73,7,0.0,419,154,540,211
593,19.77,7,0.0,414,153,536,210
718,23.93,3,0.0,201,231,217,260
719,23.97,3,0.0,203,234,219,264
720,24.0,3,0.0,204,236,222,269
721,24.03,3,0.0,206,239,225,274
722,24.07,3,0.0,209,242,229,279
723,24.1,3,0.0,212,245,233,283
724,24.13,3,0.0,215,250,236,287
725,24.17,3,0.0,218,253,240,293
726,24.2,3,0.0,270,204,291,237
728,24.27,3,0.0,281,205,308,246
729,24.3,3,0.0,288,208,315,251
730,24.33,3,0.0,297,214,320,249
760,25.33,3,0.0,207,197,224,232
761,25.37,3,0.0,208,199,226,236
762,25.4,3,0.0,210,199,228,239
763,25.43,3,0.0,211,200,230,241
764,25.47,3,0.0,213,202,233,243
765,25.5,3,0.0,216,207,234,246
766,25.53,3,0.0,217,207,237,249
767,25.57,3,0.0,220,212,239,252
769,25.63,3,0.0,224,212,246,258
770,25.67,3,0.0,226,213,249,262
771,25.7,3,0.0,230,215,251,261
772,25.73,3,0.0,233,218,253,259
773,25.77,3,0.0,237,220,256,259
774,25.8,3,0.0,240,223,260,263
775,25.83,3,0.0,242,226,265,271
776,25.87,3,0.0,246,229,269,274
783,26.1,3,0.0,220,213,241,239
784,26.13,3,0.0,222,213,243,241
785,26.17,3,0.0,225,216,246,244
786,26.2,3,0.0,227,218,250,246
787,26.23,3,0.0,230,221,252,249
788,26.27,3,0.0,234,226,255,253
789,26.3,3,0.0,236,226,259,256
790,26.33,3,0.0,238,227,263,258
791,26.37,3,0.0,241,229,266,262
792,26.4,3,0.0,244,231,270,265
793,26.43,3,0.0,247,233,274,267
794,26.47,3,0.0,250,234,279,272
795,26.5,3,0.0,253,236,284,276
796,26.53,3,0.0,256,239,288,280
797,26.57,3,0.0,261,242,293,283
798,26.6,3,0.0,266,248,296,286
799,26.63,3,0.0,270,249,302,289
800,26.67,3,0.0,273,248,310,294
801,26.7,3,0.0,281,255,315,297
803,26.77,3,0.0,293,266,332,313
807,26.9,3,0.0,318,284,366,341
808,26.93,3,0.0,327,288,378,348
809,26.97,3,0.0,331,284,392,356
810,27.0,3,0.0,342,288,402,358
812,27.07,3,0.0,367,301,421,360
821,27.37,3,0.0,279,250,315,308
825,27.5,3,0.0,303,271,352,348
864,28.8,3,0.0,299,279,341,341
865,28.83,3,0.0,303,277,348,342
866,28.87,3,0.0,308,278,356,344
867,28.9,3,0.0,315,281,364,346
868,28.93,3,0.0,324,290,373,353
915,30.5,2,26.0,183,154,200,170
916,30.53,2,26.0,183,154,201,170
917,30.57,2,26.0,184,154,202,171
918,30.6,2,26.0,184,154,202,171
919,30.63,2,26.0,184,154,203,172
920,30.67,2,26.0,185,154,204,172
921,30.7,2,26.0,185,155,204,172
922,30.73,2,26.0,185,154,205,173
923,30.77,2,26.0,186,153,207,173
924,30.8,2,26.0,186,153,208,174
925,30.83,2,26.0,186,153,209,175
926,30.87,2,26.0,188,156,208,175
927,30.9,2,26.0,188,156,209,176
928,30.93,2,26.0,188,155,211,176
929,30.97,2,26.0,188,155,212,177
930,31.0,2,26.0,190,156,213,178
931,31.03,2,26.0,192,160,212,179
932,31.07,2,26.0,195,163,213,180
933,31.1,2,26.0,196,164,214,181
934,31.13,2,26.0,197,165,215,181
935,31.17,2,26.0,197,165,216,181
936,31.2,2,26.0,196,163,218,182
937,31.23,2,26.0,196,163,219,183
938,31.27,2,26.0,196,162,222,184
939,31.3,2,26.0,196,162,223,184
940,31.33,2,26.0,197,162,224,185
941,31.37,2,26.0,198,163,226,185
942,31.4,2,26.0,200,164,227,187
943,31.43,2,26.0,201,165,229,188
944,31.47,2,26.0,202,166,230,189
945,31.5,2,26.0,203,166,232,189
946,31.53,2,26.0,204,166,234,190
947,31.57,2,26.0,206,168,236,192
948,31.6,2,26.0,208,170,238,193
949,31.63,2,26.0,209,170,240,194
950,31.67,2,26.0,209,170,243,196
951,31.7,2,26.0,210,170,245,197
952,31.73,2,26.0,211,171,246,198
953,31.77,2,26.0,212,172,249,199
954,31.8,2,26.0,214,172,252,201
955,31.83,2,26.0,216,173,255,202
956,31.87,2,26.0,217,173,258,204
957,31.9,2,26.0,219,174,261,205
958,31.93,2,26.0,220,175,264,208
959,31.97,2,26.0,222,175,267,209
960,32.0,2,26.0,224,176,270,211
961,32.03,2,26.0,226,177,273,213
962,32.07,2,26.0,228,177,277,214
963,32.1,2,26.0,229,177,281,216
964,32.13,2,26.0,232,177,285,218
965,32.17,2,26.0,234,180,288,221
966,32.2,2,26.0,237,182,291,222
967,32.23,2,26.0,239,183,296,225
968,32.27,2,26.0,243,184,300,227
969,32.3,2,26.0,246,186,304,229
970,32.33,2,26.0,249,188,309,233
971,32.37,2,26.0,252,190,314,235
972,32.4,2,26.0,255,191,320,238
973,32.43,2,26.0,258,192,327,241
974,32.47,2,26.0,262,193,332,244
975,32.5,2,26.0,264,194,340,248
976,32.53,2,26.0,268,195,347,251
977,32.57,2,26.0,272,197,354,255
978,32.6,2,26.0,277,199,361,258
979,32.63,2,26.0,281,201,368,262
980,32.67,2,26.0,287,204,376,266
981,32.7,2,26.0,292,206,386,271
982,32.73,2,26.0,296,208,395,276
983,32.77,2,26.0,300,209,406,281
984,32.8,2,26.0,306,211,416,286
985,32.83,2,26.0,312,213,427,291
986,32.87,2,26.0,319,216,438,296
987,32.9,2,26.0,327,219,451,302
988,32.93,2,26.0,334,222,464,309
989,32.97,2,26.0,342,224,478,315
990,33.0,2,26.0,352,228,493,321
991,33.03,2,26.0,362,231,508,327
992,33.07,2,26.0,372,235,523,333
993,33.1,2,26.0,382,238,537,338
994,33.13,2,26.0,394,242,550,342
995,33.17,2,26.0,403,246,571,353
996,33.2,2,26.0,417,248,585,354
997,33.23,2,26.0,439,253,596,349
998,33.27,3,0.0,453,257,617,355
999,33.3,2,26.0,465,260,628,357
1000,33.33,3,0.0,477,265,635,358
1001,33.37,2,26.0,489,268,640,358
1002,33.4,2,26.0,502,275,640,359
1003,33.43,2,26.0,518,281,640,356
1004,33.47,2,26.0,534,287,640,355
1005,33.5,2,26.0,545,292,640,358
1006,33.53,2,26.0,557,296,640,359
1009,33.63,3,0.0,218,218,241,266
1010,33.67,2,26.0,221,220,242,264
1011,33.7,3,0.0,223,222,247,270
1012,33.73,3,0.0,226,224,250,274
1013,33.77,3,0.0,229,226,253,278
1014,33.8,3,0.0,231,229,256,280
1015,33.83,3,0.0,234,231,259,284
1029,34.3,3,0.0,288,279,337,354
1030,34.33,3,0.0,295,285,341,356
1064,35.47,3,0.0,218,228,252,277
1065,35.5,3,0.0,222,231,252,275
1196,39.87,3,0.0,320,283,380,346
1200,40.0,3,0.0,365,299,431,359
1340,44.67,2,26.0,181,158,201,171
1341,44.7,2,26.0,181,157,202,172
1342,44.73,2,26.0,181,156,203,172
1343,44.77,2,26.0,180,156,205,173
1344,44.8,2,26.0,180,156,206,174
1345,44.83,2,26.0,180,154,208,174
1346,44.87,2,26.0,180,154,208,175
1347,44.9,2,26.0,182,156,208,175
1348,44.93,2,26.0,184,157,207,175
1349,44.97,2,26.0,184,157,208,175
1350,45.0,2,26.0,184,157,209,175
1351,45.03,2,26.0,185,157,209,176
1351,45.03,2,26.0,199,150,216,165
1352,45.07,2,26.0,185,156,210,176
1352,45.07,2,26.0,200,150,217,165
1353,45.1,2,26.0,185,155,211,176
1353,45.1,2,26.0,201,150,218,166
1354,45.13,2,26.0,185,155,212,176
1354,45.13,2,26.0,201,150,219,166
1355,45.17,2,26.0,186,156,211,177
1355,45.17,2,26.0,202,150,220,166
1356,45.2,2,26.0,188,159,211,178
1356,45.2,2,26.0,202,151,221,167
1357,45.23,2,26.0,188,159,212,179
1357,45.23,2,26.0,203,151,221,167
1358,45.27,2,26.0,188,158,213,179
1358,45.27,2,26.0,204,151,222,167
1359,45.3,2,26.0,188,157,214,180
1359,45.3,2,26.0,205,151,224,168
1360,45.33,2,26.0,188,157,215,180
1360,45.33,2,26.0,205,151,225,168
1361,45.37,2,26.0,190,160,215,181
1361,45.37,2,26.0,206,151,226,169
1362,45.4,2,26.0,193,162,215,181
1362,45.4,2,26.0,207,152,228,169
1363,45.43,2,26.0,194,163,216,181
1363,45.43,2,26.0,210,153,229,169
1364,45.47,2,26.0,195,164,216,182
1364,45.47,2,26.0,211,153,230,169
1365,45.5,2,26.0,196,164,217,182
1365,45.5,2,26.0,213,152,233,170
1366,45.53,2,26.0,196,165,218,182
1366,45.53,2,26.0,213,152,234,171
1367,45.57,2,26.0,194,161,220,183
1367,45.57,2,26.0,214,152,235,171
1368,45.6,2,26.0,195,161,221,184
1368,45.6,2,26.0,214,152,236,172
1369,45.63,2,26.0,196,162,222,184
1369,45.63,2,26.0,215,152,237,172
1370,45.67,2,26.0,196,162,223,185
1370,45.67,2,26.0,216,152,239,173
1371,45.7,2,26.0,197,162,224,185
1371,45.7,2,26.0,218,153,240,174
1372,45.73,2,26.0,198,162,225,185
1372,45.73,2,26.0,219,152,242,174
1373,45.77,2,26.0,199,162,226,186
1373,45.77,2,26.0,220,153,243,175
1374,45.8,2,26.0,199,162,227,187
1374,45.8,2,26.0,221,153,244,175
1375,45.83,2,26.0,199,162,229,188
1375,45.83,2,26.0,222,154,246,176
1376,45.87,2,26.0,200,162,230,189
1376,45.87,2,26.0,224,154,247,177
1377,45.9,2,26.0,200,162,231,189
1377,45.9,2,26.0,225,155,248,177
1378,45.93,2,26.0,202,163,232,190
1378,45.93,2,26.0,227,155,251,178
1379,45.97,2,26.0,204,164,233,191
1379,45.97,2,26.0,229,156,252,179
1380,46.0,2,26.0,205,166,234,191
1380,46.0,2,26.0,230,156,254,179
1381,46.03,2,26.0,206,167,234,191
1381,46.03,2,26.0,231,156,255,179
1382,46.07,2,26.0,207,168,235,193
1382,46.07,2,26.0,232,156,257,179
1383,46.1,2,26.0,209,169,237,193
1383,46.1,2,26.0,234,156,259,180
1384,46.13,2,26.0,209,170,237,194
1384,46.13,2,26.0,234,156,259,181
1385,46.17,2,26.0,210,170,238,195
1385,46.17,7,0.0,232,158,259,182
1386,46.2,2,26.0,210,171,240,196
1386,46.2,2,26.0,236,158,263,183
1387,46.23,2,26.0,211,172,242,197
1387,46.23,2,26.0,238,159,265,183
1388,46.27,2,26.0,212,172,243,198
1388,46.27,2,26.0,239,159,268,184
1389,46.3,2,26.0,213,172,245,199
1389,46.3,2,26.0,241,159,270,185
1390,46.33,2,26.0,213,172,246,200
1390,46.33,2,26.0,245,160,274,186
1391,46.37,2,26.0,213,172,248,201
1391,46.37,2,26.0,246,160,277,186
1392,46.4,2,26.0,215,172,250,202
1392,46.4,2,26.0,248,160,279,187
1393,46.43,2,26.0,216,173,252,203
1393,46.43,2,26.0,248,160,280,188
1394,46.47,2,26.0,218,174,253,204
1394,46.47,2,26.0,252,161,285,189
1395,46.5,2,26.0,218,175,255,205
1395,46.5,2,26.0,255,161,288,190
1396,46.53,2,26.0,220,175,257,206
1396,46.53,2,26.0,258,162,290,191
1397,46.57,2,26.0,221,176,259,207
1397,46.57,2,26.0,259,163,292,191
1398,46.6,2,26.0,222,176,260,208
1398,46.6,2,26.0,262,163,296,193
1399,46.63,2,26.0,223,177,263,210
1399,46.63,2,26.0,265,164,299,194
1400,46.67,2,26.0,224,177,264,211
1400,46.67,2,26.0,263,164,298,195
1401,46.7,2,26.0,225,177,267,212
1401,46.7,2,26.0,268,165,304,196
1402,46.73,2,26.0,226,177,270,213
1402,46.73,2,26.0,272,165,309,198
1403,46.77,2,26.0,227,178,272,215
1403,46.77,2,26.0,276,167,312,199
1404,46.8,2,26.0,229,179,274,216
1404,46.8,2,26.0,277,167,314,200
1405,46.83,2,26.0,231,180,276,217
1405,46.83,2,26.0,279,168,317,201
1406,46.87,2,26.0,233,181,278,218
1406,46.87,2,26.0,276,168,318,202
1407,46.9,2,26.0,234,182,281,220
1407,46.9,2,26.0,276,168,320,204
1408,46.93,2,26.0,236,183,284,222
1408,46.93,2,26.0,285,169,330,205
1409,46.97,2,26.0,237,184,287,224
1409,46.97,2,26.0,291,170,336,207
1410,47.0,2,26.0,239,185,290,226
1410,47.0,2,26.0,295,170,342,209
1411,47.03,2,26.0,241,185,292,227
1411,47.03,2,26.0,290,171,340,211
1412,47.07,2,26.0,242,186,295,229
1412,47.07,2,26.0,289,171,343,213
1413,47.1,2,26.0,244,187,298,231
1413,47.1,2,26.0,290,173,347,215
1414,47.13,2,26.0,246,188,302,233
1414,47.13,2,26.0,293,174,352,216
1415,47.17,2,26.0,248,189,304,235
1415,47.17,2,26.0,296,174,357,218
1416,47.2,2,26.0,251,190,308,237
1416,47.2,2,26.0,298,175,363,220
1417,47.23,2,26.0,252,191,312,239
1417,47.23,2,26.0,301,177,370,223
1418,47.27,2,26.0,255,192,316,242
1418,47.27,2,26.0,304,178,377,226
1419,47.3,2,26.0,257,192,320,243
1419,47.3,2,26.0,307,179,384,228
1420,47.33,2,26.0,259,193,324,246
1420,47.33,2,26.0,311,180,391,231
1421,47.37,2,26.0,262,194,328,248
1421,47.37,2,26.0,315,181,399,232
1422,47.4,2,26.0,265,195,333,251
1422,47.4,7,0.0,319,181,407,235
1423,47.43,2,26.0,267,196,339,254
1423,47.43,2,26.0,325,183,416,238
1423,47.43,7,0.0,320,184,421,239
1424,47.47,2,26.0,270,198,343,257
1424,47.47,2,26.0,330,185,425,242
1424,47.47,7,0.0,325,185,429,242
1425,47.5,2,26.0,273,199,347,259
1425,47.5,2,26.0,337,187,434,244
1425,47.5,7,0.0,334,187,439,244
1426,47.53,2,26.0,276,200,353,262
1426,47.53,2,26.0,341,188,442,247
1426,47.53,7,0.0,338,188,446,247
1427,47.57,2,26.0,280,202,358,265
1428,47.6,2,26.0,283,203,364,269
1428,47.6,7,0.0,352,193,458,254
1429,47.63,2,26.0,287,206,370,272
1429,47.63,7,0.0,358,194,468,257
1430,47.67,2,26.0,291,208,375,275
1430,47.67,7,0.0,363,195,479,261
1431,47.7,2,26.0,295,209,382,279
1431,47.7,7,0.0,369,196,491,265
1432,47.73,2,26.0,298,211,389,282
1432,47.73,2,26.0,377,199,503,268
1433,47.77,2,26.0,302,212,396,286
1433,47.77,7,0.0,382,200,514,272
1434,47.8,2,26.0,306,213,404,291
1434,47.8,7,0.0,389,201,527,277
1435,47.83,2,26.0,311,215,412,295
1435,47.83,7,0.0,398,204,538,281
1436,47.87,2,26.0,316,217,419,299
1436,47.87,5,0.0,406,206,550,284
1436,47.87,7,0.0,402,206,553,285
1437,47.9,2,26.0,321,219,428,304
1437,47.9,7,0.0,414,209,565,290
1437,47.9,2,26.0,410,208,567,290
1438,47.93,2,26.0,327,222,436,308
1438,47.93,7,0.0,422,210,578,294
1438,47.93,2,26.0,419,209,580,294
1439,47.97,2,26.0,332,224,446,314
1439,47.97,7,0.0,430,213,591,299
1439,47.97,2,26.0,428,212,594,299
1440,48.0,2,26.0,337,226,455,318
1440,48.0,5,0.0,441,215,604,303
1440,48.0,7,0.0,439,214,607,302
1441,48.03,2,26.0,343,229,465,324
1441,48.03,7,0.0,451,218,619,307
1442,48.07,2,26.0,350,231,475,328
1442,48.07,7,0.0,463,221,634,312
1443,48.1,2,26.0,357,234,485,333
1443,48.1,7,0.0,472,224,640,316
1444,48.13,2,26.0,365,236,496,338
1444,48.13,7,0.0,477,227,640,321
1445,48.17,2,26.0,371,239,510,347
1445,48.17,7,0.0,486,230,640,324
1446,48.2,2,26.0,373,240,516,351
1446,48.2,7,0.0,489,232,640,326
1447,48.23,2,26.0,380,243,523,353
1447,48.23,5,0.0,498,233,640,324
1448,48.27,2,26.0,388,245,532,356
1448,48.27,5,0.0,508,235,640,323
1448,48.27,7,0.0,517,234,640,320
1449,48.3,2,26.0,399,249,543,359
1449,48.3,7,0.0,527,239,640,321
1450,48.33,2,26.0,408,252,550,359
1450,48.33,7,0.0,538,241,640,320
1451,48.37,2,26.0,420,255,561,360
1451,48.37,7,0.0,548,244,640,319
1452,48.4,2,26.0,433,259,572,360
1452,48.4,7,0.0,557,247,640,322
1453,48.43,2,26.0,440,263,574,359
1454,48.47,2,26.0,454,266,587,360
1455,48.5,2,26.0,468,271,596,358
1456,48.53,2,26.0,481,274,607,358
1457,48.57,2,26.0,490,279,615,358
1458,48.6,2,26.0,504,282,626,359
1459,48.63,7,0.0,516,287,633,358
1460,48.67,7,0.0,528,290,639,358
1461,48.7,5,0.0,547,295,640,359
1462,48.73,7,0.0,554,299,640,359
1553,51.77,3,0.0,319,286,366,346
1599,53.3,3,0.0,224,206,242,239
1600,53.33,3,0.0,226,209,244,240
1601,53.37,3,0.0,229,210,247,241
1602,53.4,3,0.0,230,208,252,245
1723,57.43,2,26.0,586,216,633,248
1724,57.47,2,26.0,581,213,632,248
1725,57.5,2,26.0,574,211,629,248
1726,57.53,2,26.0,565,210,623,249
1727,57.57,2,26.0,554,207,617,249
1728,57.6,2,26.0,545,207,606,246
1729,57.63,2,26.0,537,206,597,244
1730,57.67,2,26.0,527,205,587,242
1731,57.7,2,26.0,518,203,577,239
1732,57.73,2,26.0,509,202,570,238
1733,57.77,2,26.0,500,200,561,235
1734,57.8,2,26.0,491,198,553,234
1735,57.83,2,26.0,483,195,546,232
1736,57.87,2,26.0,477,193,541,229
1737,57.9,2,26.0,467,192,532,229
1738,57.93,2,26.0,462,191,525,226
1739,57.97,2,26.0,454,189,517,224
1739,57.97,2,26.0,615,197,634,233
1740,58.0,2,26.0,447,188,510,223
1740,58.0,2,26.0,609,188,633,232
1741,58.03,2,26.0,439,186,503,221
1741,58.03,2,26.0,604,185,630,231
1742,58.07,2,26.0,433,185,495,219
1742,58.07,2,26.0,598,183,623,227
1743,58.1,2,26.0,427,184,488,216
1743,58.1,2,26.0,590,181,616,226
1744,58.13,2,26.0,421,182,479,213
1744,58.13,2,26.0,581,180,608,225
1745,58.17,2,26.0,414,181,472,211
1746,58.2,2,26.0,406,179,467,211
1746,58.2,2,26.0,565,179,593,223
1747,58.23,2,26.0,402,178,462,210
1747,58.23,7,0.0,576,169,623,232
1747,58.23,2,26.0,557,178,586,222
1748,58.27,2,26.0,393,177,455,209
1748,58.27,7,0.0,568,167,617,232
1749,58.3,2,26.0,389,177,449,208
1749,58.3,7,0.0,563,168,612,231
1750,58.33,2,26.0,385,176,443,206
1750,58.33,2,26.0,534,175,564,218
1751,58.37,2,26.0,380,175,435,204
1751,58.37,2,26.0,526,174,555,216
1752,58.4,2,26.0,376,174,430,202
1752,58.4,2,26.0,518,172,549,215
1753,58.43,2,26.0,371,174,425,201
1753,58.43,2,26.0,510,170,542,213
1754,58.47,2,26.0,366,173,418,200
1754,58.47,2,26.0,504,169,537,212
1754,58.47,3,0.0,324,286,391,350
1755,58.5,2,26.0,361,172,414,199
1755,58.5,2,26.0,497,170,529,211
1756,58.53,2,26.0,358,171,411,198
1756,58.53,2,26.0,491,170,523,209
1757,58.57,2,26.0,356,169,408,196
1757,58.57,2,26.0,484,169,514,208
1757,58.57,7,0.0,516,157,577,225
1758,58.6,2,26.0,353,170,401,195
1758,58.6,2,26.0,476,163,510,206
1758,58.6,7,0.0,506,152,575,223
1759,58.63,2,26.0,348,168,399,195
1759,58.63,7,0.0,498,155,570,222
1760,58.67,2,26.0,346,167,395,194
1760,58.67,7,0.0,490,156,565,221
1760,58.67,2,26.0,465,166,496,204
1761,58.7,2,26.0,341,167,388,193
1761,58.7,7,0.0,484,157,561,219
1761,58.7,2,26.0,460,166,489,202
1762,58.73,2,26.0,337,167,383,192
1762,58.73,7,0.0,474,155,556,217
1763,58.77,2,26.0,334,166,379,191
1763,58.77,7,0.0,467,155,550,215
1764,58.8,2,26.0,330,166,374,190
1764,58.8,7,0.0,459,155,544,214
1764,58.8,2,26.0,443,163,471,197
1765,58.83,2,26.0,329,165,372,189
1765,58.83,7,0.0,453,156,539,212
1765,58.83,2,26.0,437,163,466,196
1766,58.87,2,26.0,325,164,369,189
1766,58.87,7,0.0,453,156,539,211
1766,58.87,2,26.0,431,162,461,197
1767,58.9,7,0.0,443,156,530,210
1767,58.9,2,26.0,426,162,455,194
1768,58.93,7,0.0,435,156,523,208
1768,58.93,2,26.0,421,161,450,194
1769,58.97,7,0.0,429,156,519,208
1769,58.97,2,26.0,416,160,446,193
1769,58.97,2,26.0,315,162,358,187
1770,59.0,2,26.0,419,154,495,197
1770,59.0,2,26.0,411,159,440,192
1770,59.0,2,26.0,311,160,355,186
1771,59.03,2,26.0,407,160,435,191
1771,59.03,2,26.0,310,160,350,184
1772,59.07,2,26.0,309,160,346,182
1773,59.1,2,26.0,307,160,342,182
1774,59.13,2,26.0,302,160,340,182
1775,59.17,2,26.0,300,159,337,181
1775,59.17,2,26.0,389,157,415,185
1776,59.2,2,26.0,299,159,334,180
1776,59.2,2,26.0,385,157,409,182
1777,59.23,2,26.0,297,159,330,179
1778,59.27,2,26.0,295,159,327,179
1779,59.3,2,26.0,294,159,325,178
1780,59.33,2,26.0,291,157,323,177
1781,59.37,2,26.0,287,154,322,177
1782,59.4,2,26.0,286,155,319,176
1783,59.43,2,26.0,285,156,316,176
1784,59.47,2,26.0,284,156,313,175
1785,59.5,2,26.0,282,156,310,174
1786,59.53,2,26.0,281,155,308,173
1787,59.57,2,26.0,277,155,306,174
1788,59.6,2,26.0,275,155,303,173
1789,59.63,2,26.0,273,154,301,173
1790,59.67,2,26.0,271,154,300,173
1791,59.7,2,26.0,270,153,298,172
1792,59.73,2,26.0,269,153,296,171
1794,59.8,2,26.0,268,153,293,170
1795,59.83,2,26.0,267,153,290,169
1796,59.87,2,26.0,266,152,288,168
1797,59.9,2,26.0,264,152,287,168
1798,59.93,2,26.0,263,153,283,167
1799,59.97,2,26.0,261,153,282,167
1800,60.0,2,26.0,259,152,281,167
1801,60.03,2,26.0,259,152,279,166
1802,60.07,2,26.0,257,151,277,165
1803,60.1,2,26.0,255,151,276,165
1804,60.13,2,26.0,254,150,275,165
1805,60.17,2,26.0,253,150,274,165
1806,60.2,2,26.0,253,150,273,164
1807,60.23,2,26.0,252,150,272,164
1808,60.27,2,26.0,252,150,270,163
1809,60.3,2,26.0,251,149,269,163
1810,60.33,2,26.0,251,150,268,162
2154,71.8,2,26.0,620,210,638,237
2155,71.83,2,26.0,617,209,636,237
2156,71.87,2,26.0,614,207,633,235
2157,71.9,2,26.0,611,206,630,233
2158,71.93,2,26.0,608,205,628,233
2159,71.97,2,26.0,604,204,627,234
2160,72.0,2,26.0,600,200,627,234
2161,72.03,2,26.0,594,196,626,233
2162,72.07,2,26.0,589,195,625,234
2163,72.1,2,26.0,585,197,623,235
2164,72.13,2,26.0,580,195,623,235
2165,72.17,2,26.0,576,194,622,234
2166,72.2,2,26.0,571,194,621,234
2167,72.23,2,26.0,565,193,618,234
2168,72.27,2,26.0,558,192,614,233
2169,72.3,2,26.0,551,192,610,232
2170,72.33,2,26.0,544,191,605,231
2171,72.37,2,26.0,538,190,600,229
2172,72.4,2,26.0,531,189,595,228
2173,72.43,2,26.0,525,189,590,227
2174,72.47,2,26.0,519,188,585,226
2175,72.5,2,26.0,513,187,580,225
2176,72.53,2,26.0,507,186,574,223
2177,72.57,2,26.0,502,186,568,222
2178,72.6,2,26.0,497,187,561,220
2179,72.63,2,26.0,491,185,558,220
2180,72.67,2,26.0,486,184,554,219
2181,72.7,2,26.0,481,183,549,218
2182,72.73,2,26.0,477,183,544,216
2183,72.77,2,26.0,471,182,539,215
2184,72.8,2,26.0,466,181,535,215
2185,72.83,2,26.0,461,180,531,214
2186,72.87,2,26.0,456,179,528,213
2187,72.9,2,26.0,451,178,523,212
2188,72.93,2,26.0,448,177,518,210
2189,72.97,2,26.0,443,176,513,209
2190,73.0,2,26.0,439,176,509,208
2191,73.03,2,26.0,436,176,503,207
2192,73.07,2,26.0,433,176,497,205
2193,73.1,2,26.0,429,175,493,204
2194,73.13,2,26.0,425,175,488,203
2195,73.17,2,26.0,421,175,484,202
2196,73.2,2,26.0,416,173,480,201
2197,73.23,2,26.0,414,173,475,200
2198,73.27,2,26.0,410,173,471,199
2199,73.3,2,26.0,407,172,468,198
2200,73.33,2,26.0,401,171,464,198
2201,73.37,2,26.0,396,169,462,197
2202,73.4,2,26.0,393,168,458,197
2203,73.43,2,26.0,391,168,453,196
2204,73.47,2,26.0,387,168,448,195
2205,73.5,2,26.0,385,168,443,193
2206,73.53,2,26.0,381,167,440,192
2207,73.57,2,26.0,379,167,434,191
2208,73.6,2,26.0,376,167,431,191
2209,73.63,2,26.0,374,166,428,190
2210,73.67,2,26.0,371,166,425,189
2211,73.7,2,26.0,368,165,421,188
2212,73.73,2,26.0,365,165,417,188
2213,73.77,2,26.0,362,165,415,188
2214,73.8,2,26.0,360,165,412,187
2215,73.83,2,26.0,357,165,409,187
2216,73.87,2,26.0,355,164,405,186
2217,73.9,2,26.0,352,163,402,185
2218,73.93,2,26.0,348,162,400,185
2219,73.97,2,26.0,347,162,396,184
2220,74.0,2,26.0,344,161,394,183
2221,74.03,2,26.0,342,161,391,182
2222,74.07,2,26.0,339,160,389,182
2223,74.1,2,26.0,338,160,386,182
2224,74.13,2,26.0,336,160,382,181
2225,74.17,2,26.0,335,160,380,180
2226,74.2,2,26.0,333,160,376,179
2227,74.23,2,26.0,330,160,374,179
2228,74.27,2,26.0,327,159,370,179
2229,74.3,2,26.0,325,159,368,179
2230,74.33,2,26.0,323,159,366,178
2231,74.37,2,26.0,322,158,363,178
2232,74.4,2,26.0,320,158,361,177
2233,74.43,2,26.0,318,158,359,177
2234,74.47,2,26.0,316,158,357,176
2235,74.5,2,26.0,315,158,350,175
2236,74.53,2,26.0,314,158,350,175
2237,74.57,2,26.0,312,157,350,175
2238,74.6,2,26.0,311,157,348,175
2239,74.63,2,26.0,310,156,347,174
2240,74.67,2,26.0,309,156,344,173
2241,74.7,2,26.0,306,156,341,173
2242,74.73,2,26.0,304,155,339,172
2242,74.73,2,26.0,189,149,214,166
2243,74.77,2,26.0,302,155,338,172
2243,74.77,2,26.0,190,148,216,166
2244,74.8,2,26.0,300,154,336,171
2244,74.8,2,26.0,190,149,216,167
2245,74.83,2,26.0,299,154,334,171
2245,74.83,2,26.0,190,149,217,167
2246,74.87,2,26.0,298,154,332,171
2246,74.87,2,26.0,191,149,217,168
2247,74.9,2,26.0,295,153,331,171
2247,74.9,2,26.0,190,149,218,168
2248,74.93,2,26.0,294,152,329,170
2248,74.93,2,26.0,191,150,218,168
2249,74.97,2,26.0,293,152,328,170
2249,74.97,2,26.0,190,148,220,168
2250,75.0,2,26.0,292,153,325,170
2250,75.0,2,26.0,192,149,220,168
2251,75.03,2,26.0,291,152,324,169
2251,75.03,2,26.0,193,150,220,169
2252,75.07,2,26.0,290,152,322,169
2252,75.07,2,26.0,194,150,222,169
2253,75.1,2,26.0,288,152,320,168
2253,75.1,2,26.0,194,150,222,169
2254,75.13,2,26.0,287,152,318,168
2254,75.13,2,26.0,195,150,223,169
2255,75.17,2,26.0,286,152,317,168
2255,75.17,2,26.0,195,150,224,170
2256,75.2,2,26.0,285,152,315,168
2256,75.2,2,26.0,195,149,226,170
2257,75.23,2,26.0,284,151,314,167
2257,75.23,7,0.0,194,146,229,170
2258,75.27,2,26.0,282,151,312,167
2258,75.27,7,0.0,194,144,231,171
2259,75.3,2,26.0,280,151,310,167
2260,75.33,2,26.0,279,151,309,167
2261,75.37,2,26.0,278,151,307,166
2262,75.4,2,26.0,277,151,306,166
2263,75.43,2,26.0,276,151,304,165
2264,75.47,2,26.0,276,151,302,165
2265,75.5,2,26.0,275,151,299,164
2266,75.53,2,26.0,274,151,298,164
2267,75.57,2,26.0,273,151,297,164
2268,75.6,2,26.0,271,150,296,164
2269,75.63,2,26.0,270,151,295,163
2270,75.67,2,26.0,270,151,294,163
2270,75.67,7,0.0,198,144,245,178
2271,75.7,2,26.0,269,150,293,163
2271,75.7,7,0.0,199,144,244,178
2272,75.73,2,26.0,268,150,292,163
2272,75.73,7,0.0,201,144,245,178
2273,75.77,2,26.0,266,150,291,163
2273,75.77,7,0.0,201,143,246,178
2274,75.8,2,26.0,266,150,290,163
2274,75.8,7,0.0,202,144,246,179
2275,75.83,2,26.0,266,150,289,162
2275,75.83,7,0.0,205,145,248,179
2276,75.87,2,26.0,266,150,289,162
2276,75.87,7,0.0,206,145,250,180
2277,75.9,2,26.0,266,150,288,162
2277,75.9,7,0.0,207,145,251,180
2278,75.93,2,26.0,265,149,287,161
2278,75.93,7,0.0,208,146,251,181
2279,75.97,2,26.0,264,149,285,161
2279,75.97,7,0.0,209,146,252,182
2280,76.0,2,26.0,264,149,285,161
2280,76.0,2,26.0,211,147,254,183
2281,76.03,2,26.0,261,148,283,161
2281,76.03,2,26.0,211,148,255,183
2282,76.07,2,26.0,260,147,283,160
2282,76.07,2,26.0,211,148,256,184
2283,76.1,2,26.0,258,147,281,160
2283,76.1,2,26.0,212,148,257,184
2284,76.13,2,26.0,257,147,279,160
2284,76.13,2,26.0,213,149,258,185
2285,76.17,2,26.0,255,146,279,160
2285,76.17,7,0.0,214,149,260,185
2286,76.2,2,26.0,256,146,279,160
2286,76.2,7,0.0,215,150,261,185
2287,76.23,2,26.0,257,146,278,160
2287,76.23,2,26.0,216,150,264,187
2288,76.27,2,26.0,257,146,278,160
2288,76.27,5,0.0,216,149,266,187
2289,76.3,5,0.0,216,148,268,188
2290,76.33,5,0.0,216,146,272,189
2290,76.33,3,0.0,227,206,247,248
2290,76.33,2,26.0,619,194,637,235
2291,76.37,5,0.0,217,145,275,191
2291,76.37,3,0.0,230,208,249,247
2291,76.37,2,26.0,616,196,634,234
2292,76.4,7,0.0,217,145,277,192
2292,76.4,2,26.0,612,193,631,234
2293,76.43,5,0.0,217,144,280,194
2294,76.47,5,0.0,221,146,281,194
2294,76.47,7,0.0,595,191,636,234
2295,76.5,7,0.0,223,148,282,195
2295,76.5,7,0.0,596,178,640,234
2296,76.53,7,0.0,220,148,280,195
2296,76.53,7,0.0,586,189,634,233
2297,76.57,7,0.0,206,129,289,196
2297,76.57,7,0.0,582,190,633,235
2298,76.6,5,0.0,209,134,288,197
2298,76.6,7,0.0,576,188,630,235
2299,76.63,5,0.0,224,144,291,198
2299,76.63,7,0.0,574,187,629,235
2300,76.67,5,0.0,231,150,294,200
2300,76.67,7,0.0,566,181,628,233
2301,76.7,5,0.0,234,151,296,201
2301,76.7,7,0.0,562,182,624,233
2302,76.73,5,0.0,237,151,300,202
2302,76.73,7,0.0,556,179,623,232
2303,76.77,5,0.0,239,151,303,203
2303,76.77,7,0.0,549,176,619,231
2304,76.8,5,0.0,240,151,305,204
2304,76.8,7,0.0,541,172,615,229
2304,76.8,5,0.0,212,122,303,204
2305,76.83,5,0.0,241,150,308,206
2305,76.83,7,0.0,533,170,610,228
2305,76.83,5,0.0,214,126,303,207
2306,76.87,5,0.0,244,151,312,207
2306,76.87,7,0.0,526,168,605,227
2306,76.87,5,0.0,223,140,297,207
2307,76.9,5,0.0,246,150,317,209
2307,76.9,7,0.0,520,169,597,224
2307,76.9,5,0.0,224,144,298,209
2308,76.93,5,0.0,246,148,320,210
2308,76.93,7,0.0,511,166,592,224
2308,76.93,7,0.0,242,148,313,211
2309,76.97,5,0.0,246,147,323,212
2309,76.97,7,0.0,504,166,586,223
2309,76.97,7,0.0,249,150,319,212
2310,77.0,5,0.0,250,149,326,213
2310,77.0,7,0.0,499,164,582,221
2310,77.0,7,0.0,254,152,323,213
2311,77.03,5,0.0,252,150,329,215
2311,77.03,7,0.0,493,167,572,220
2311,77.03,5,0.0,210,134,258,187
2312,77.07,5,0.0,255,153,331,217
2312,77.07,7,0.0,477,151,575,218
2312,77.07,5,0.0,211,134,259,188
2313,77.1,5,0.0,256,155,334,219
2313,77.1,7,0.0,473,151,569,217
2313,77.1,7,0.0,212,134,260,188
2314,77.13,5,0.0,261,156,339,220
2314,77.13,7,0.0,475,162,556,216
2314,77.13,7,0.0,213,134,261,188
2315,77.17,5,0.0,260,156,342,223
2315,77.17,7,0.0,470,162,550,215
2315,77.17,7,0.0,215,134,263,188
2316,77.2,5,0.0,262,157,345,224
2316,77.2,7,0.0,463,159,546,214
2316,77.2,7,0.0,216,134,265,190
2317,77.23,5,0.0,270,157,355,226
2317,77.23,7,0.0,457,158,541,212
2317,77.23,7,0.0,217,134,267,190
2318,77.27,5,0.0,276,157,362,227
2318,77.27,7,0.0,452,158,534,211
2318,77.27,7,0.0,217,134,269,193
2319,77.3,5,0.0,277,157,366,230
2319,77.3,7,0.0,447,157,529,210
2319,77.3,5,0.0,218,134,271,193
2320,77.33,5,0.0,278,156,372,233
2320,77.33,7,0.0,445,164,515,208
2320,77.33,7,0.0,219,134,274,196
2321,77.37,5,0.0,284,156,379,236
2321,77.37,7,0.0,444,167,508,207
2322,77.4,5,0.0,290,156,387,238
2322,77.4,7,0.0,221,135,380,238
2322,77.4,7,0.0,222,135,278,198
2323,77.43,5,0.0,294,156,393,240
2323,77.43,7,0.0,223,135,281,199
2324,77.47,5,0.0,288,156,392,243
2324,77.47,7,0.0,228,135,279,190
2325,77.5,5,0.0,298,159,401,245
2325,77.5,7,0.0,226,135,285,198
2326,77.53,5,0.0,303,158,410,248
2326,77.53,7,0.0,227,135,287,199
2327,77.57,7,0.0,294,148,417,251
2327,77.57,7,0.0,227,136,289,202
2327,77.57,7,0.0,234,136,412,252
2328,77.6,5,0.0,309,155,427,254
2328,77.6,7,0.0,227,136,292,204
2328,77.6,7,0.0,234,136,418,255
2329,77.63,7,0.0,299,149,429,258
2329,77.63,7,0.0,228,136,295,207
2329,77.63,7,0.0,235,135,425,258
2329,77.63,2,26.0,185,154,204,169
2330,77.67,7,0.0,231,136,296,204
2330,77.67,2,26.0,185,154,204,170
2331,77.7,7,0.0,237,136,294,193
2331,77.7,2,26.0,185,154,206,170
2331,77.7,7,0.0,240,135,441,264
2332,77.73,7,0.0,239,136,298,193
2332,77.73,2,26.0,186,154,207,171
2332,77.73,7,0.0,242,135,449,267
2332,77.73,7,0.0,325,166,449,267
2333,77.77,7,0.0,240,136,302,195
2333,77.77,2,26.0,186,153,208,171
2333,77.77,7,0.0,243,136,458,272
2333,77.77,7,0.0,328,171,453,271
2334,77.8,7,0.0,243,135,305,193
2334,77.8,2,26.0,186,153,208,171
2334,77.8,7,0.0,243,134,469,276
2334,77.8,7,0.0,330,173,461,275
2335,77.83,7,0.0,236,134,317,209
2335,77.83,2,26.0,186,154,208,172
2336,77.87,2,26.0,185,153,208,172
2336,77.87,7,0.0,247,134,487,284
2337,77.9,2,26.0,185,153,209,173
2337,77.9,7,0.0,248,134,497,288
2338,77.93,2,26.0,185,152,210,173
2338,77.93,7,0.0,249,133,508,293
2339,77.97,2,26.0,185,152,211,174
2340,78.0,2,26.0,185,151,212,174
2340,78.0,7,0.0,259,139,527,302
2341,78.03,2,26.0,185,151,212,175
2341,78.03,7,0.0,348,169,553,307
2341,78.03,7,0.0,259,139,539,308
2341,78.03,7,0.0,245,136,340,225
2342,78.07,2,26.0,185,152,213,175
2342,78.07,7,0.0,350,171,560,312
2342,78.07,7,0.0,262,139,551,313
2342,78.07,3,0.0,315,273,374,342
2342,78.07,7,0.0,250,137,343,223
2343,78.1,2,26.0,187,153,213,176
2343,78.1,7,0.0,265,145,558,317
2343,78.1,3,0.0,321,275,385,349
2343,78.1,7,0.0,254,138,347,222
2344,78.13,2,26.0,188,154,213,176
2344,78.13,7,0.0,264,142,572,321
2344,78.13,3,0.0,330,277,398,357
2344,78.13,7,0.0,263,138,346,211
2345,78.17,2,26.0,189,155,215,177
2345,78.17,7,0.0,264,137,351,211
2346,78.2,2,26.0,191,156,216,178
2346,78.2,7,0.0,267,137,355,210
2347,78.23,2,26.0,193,157,217,178
2347,78.23,7,0.0,270,137,359,208
2348,78.27,2,26.0,193,156,220,179
2348,78.27,7,0.0,271,137,365,211
2349,78.3,2,26.0,197,159,220,179
2350,78.33,2,26.0,197,158,223,180
2351,78.37,2,26.0,197,157,224,181
2351,78.37,2,26.0,192,152,222,180
2352,78.4,2,26.0,199,159,224,181
2352,78.4,2,26.0,196,154,224,181
2353,78.43,2,26.0,200,161,224,182
2353,78.43,2,26.0,196,154,225,181
2353,78.43,7,0.0,258,138,599,342
2354,78.47,2,26.0,201,161,226,183
2354,78.47,2,26.0,197,154,226,182
2354,78.47,7,0.0,273,138,621,346
2355,78.5,2,26.0,201,161,226,183
2355,78.5,7,0.0,290,138,619,332
2356,78.53,2,26.0,201,161,227,184
2356,78.53,7,0.0,291,138,620,332
2357,78.57,2,26.0,202,162,228,185
2358,78.6,2,26.0,203,163,229,186
2358,78.6,7,0.0,287,140,640,354
2359,78.63,2,26.0,204,163,231,186
2359,78.63,7,0.0,290,140,640,356
2360,78.67,7,0.0,297,139,640,350
2361,78.7,7,0.0,298,140,640,354
2361,78.7,7,0.0,311,140,471,271
2361,78.7,2,26.0,204,162,234,188
2362,78.73,7,0.0,305,139,640,349
2362,78.73,7,0.0,322,140,476,267
2362,78.73,2,26.0,204,162,236,188
2363,78.77,7,0.0,324,139,490,275
2363,78.77,2,26.0,206,165,236,189
2364,78.8,7,0.0,327,140,504,284
2364,78.8,2,26.0,209,167,238,190
2365,78.83,7,0.0,334,140,514,287
2365,78.83,2,26.0,209,168,240,192
2365,78.83,3,0.0,206,209,220,236
2365,78.83,3,0.0,203,196,221,235
2366,78.87,7,0.0,344,142,523,287
2366,78.87,2,26.0,210,169,241,192
2366,78.87,3,0.0,206,208,222,238
2366,78.87,3,0.0,203,196,223,237
2367,78.9,7,0.0,350,144,536,294
2367,78.9,2,26.0,211,170,242,193
2367,78.9,3,0.0,209,212,224,240
2367,78.9,3,0.0,204,194,225,239
2368,78.93,7,0.0,356,144,548,298
2368,78.93,2,26.0,213,170,245,194
2368,78.93,3,0.0,212,217,226,243
2369,78.97,7,0.0,333,96,589,304
2369,78.97,2,26.0,213,170,247,196
2369,78.97,3,0.0,213,217,229,247
2370,79.0,7,0.0,354,122,587,311
2370,79.0,2,26.0,215,172,249,197
2370,79.0,3,0.0,214,217,231,249
2370,79.0,7,0.0,295,143,337,171
2371,79.03,2,26.0,215,172,251,198
2371,79.03,3,0.0,216,218,234,252
2372,79.07,2,26.0,219,173,254,199
2372,79.07,3,0.0,218,219,237,255
2372,79.07,7,0.0,380,139,603,319
2373,79.1,2,26.0,219,173,256,200
2373,79.1,3,0.0,220,221,240,259
2373,79.1,7,0.0,393,144,614,321
2374,79.13,2,26.0,220,173,258,201
2374,79.13,3,0.0,223,225,242,262
2374,79.13,7,0.0,402,146,629,326
2375,79.17,2,26.0,222,174,261,202
2375,79.17,3,0.0,225,228,246,265
2375,79.17,7,0.0,406,146,640,332
2376,79.2,2,26.0,223,176,263,204
2376,79.2,3,0.0,228,231,249,269
2377,79.23,2,26.0,224,176,266,205
2377,79.23,3,0.0,230,230,253,272
2377,79.23,7,0.0,416,146,640,334
2378,79.27,2,26.0,226,176,269,206
2378,79.27,3,0.0,234,236,256,275
2378,79.27,7,0.0,416,144,640,344
2379,79.3,2,26.0,226,176,272,208
2379,79.3,3,0.0,237,237,260,278
2379,79.3,7,0.0,421,142,640,349
2380,79.33,2,26.0,228,177,274,209
2380,79.33,3,0.0,241,239,264,280
2380,79.33,7,0.0,429,144,640,354
2380,79.33,2,26.0,281,142,315,167
2381,79.37,2,26.0,231,178,277,211
2381,79.37,3,0.0,244,239,269,283
2381,79.37,2,26.0,280,142,313,167
2382,79.4,2,26.0,232,178,281,213
2382,79.4,3,0.0,248,244,273,288
2382,79.4,7,0.0,279,142,310,166
2383,79.43,2,26.0,234,179,284,214
2383,79.43,3,0.0,252,248,277,290
2383,79.43,7,0.0,277,142,307,165
2384,79.47,2,26.0,235,180,287,216
2384,79.47,3,0.0,256,251,285,299
2384,79.47,7,0.0,275,141,306,164
2385,79.5,2,26.0,237,181,290,217
2385,79.5,2,26.0,259,254,293,310
2385,79.5,7,0.0,274,141,305,164
2386,79.53,2,26.0,241,182,294,219
2386,79.53,2,26.0,263,257,300,317
2386,79.53,2,26.0,274,142,303,164
2387,79.57,2,26.0,241,182,298,222
2387,79.57,2,26.0,268,259,307,323
2387,79.57,2,26.0,272,142,301,163
2388,79.6,2,26.0,244,184,301,224
2388,79.6,2,26.0,275,265,313,327
2388,79.6,7,0.0,556,164,640,356
2389,79.63,2,26.0,247,186,305,226
2389,79.63,2,26.0,281,271,321,334
2389,79.63,7,0.0,563,163,640,356
2390,79.67,2,26.0,250,187,309,228
2390,79.67,2,26.0,289,282,330,345
2391,79.7,2,26.0,253,189,312,229
2391,79.7,2,26.0,295,285,339,351
2392,79.73,2,26.0,255,190,317,232
2392,79.73,2,26.0,304,290,348,355
2393,79.77,2,26.0,258,191,323,235
2393,79.77,2,26.0,313,292,359,359
2394,79.8,2,26.0,260,191,329,238
2395,79.83,2,26.0,262,193,334,241
2396,79.87,2,26.0,266,195,339,243
2397,79.9,2,26.0,270,196,345,246
2398,79.93,2,26.0,275,199,351,249
2399,79.97,2,26.0,278,200,357,252
2400,80.0,2,26.0,281,201,365,256
2401,80.03,2,26.0,285,203,372,259
2402,80.07,2,26.0,290,205,379,263
2403,80.1,2,26.0,294,207,387,266
2404,80.13,2,26.0,299,209,396,271
2404,80.13,3,0.0,220,203,238,243
2405,80.17,2,26.0,303,209,405,274
2405,80.17,2,26.0,338,290,388,345
2406,80.2,2,26.0,309,212,414,278
2406,80.2,2,26.0,347,295,399,353
2406,80.2,2,26.0,184,156,201,170
2407,80.23,2,26.0,314,214,423,283
2407,80.23,2,26.0,359,302,411,358
2407,80.23,2,26.0,185,156,202,170
2408,80.27,2,26.0,319,215,434,288
2408,80.27,2,26.0,379,319,417,360
2408,80.27,2,26.0,186,156,202,170
2409,80.3,2,26.0,325,218,445,293
2409,80.3,2,26.0,186,156,203,170
2410,80.33,2,26.0,332,221,455,299
2410,80.33,2,26.0,187,157,203,171
2411,80.37,2,26.0,338,223,467,304
2411,80.37,2,26.0,187,157,204,171
2412,80.4,2,26.0,346,225,482,309
2412,80.4,2,26.0,188,156,206,172
2413,80.43,2,26.0,353,227,496,315
2413,80.43,2,26.0,187,156,207,172
2414,80.47,2,26.0,360,229,509,322
2414,80.47,2,26.0,188,156,207,172
2415,80.5,2,26.0,368,232,521,327
2415,80.5,2,26.0,188,157,207,173
2416,80.53,2,26.0,377,235,535,333
2416,80.53,2,26.0,188,158,207,174
2417,80.57,2,26.0,385,239,550,340
2417,80.57,2,26.0,188,158,208,174
2418,80.6,2,26.0,392,241,566,349
2418,80.6,2,26.0,188,158,209,175
2418,80.6,2,26.0,250,140,277,155
2419,80.63,2,26.0,405,246,580,354
2419,80.63,2,26.0,190,158,210,175
2419,80.63,2,26.0,250,141,276,155
2420,80.67,2,26.0,192,160,210,175
2420,80.67,2,26.0,250,141,275,154
2421,80.7,2,26.0,193,161,211,176
2421,80.7,2,26.0,250,141,275,154
2422,80.73,2,26.0,194,162,211,176
2422,80.73,2,26.0,249,141,274,154
2423,80.77,2,26.0,196,164,213,177
2423,80.77,2,26.0,252,141,277,154
2423,80.77,2,26.0,462,259,623,358
2424,80.8,2,26.0,198,165,215,178
2424,80.8,2,26.0,252,141,277,154
2424,80.8,2,26.0,476,268,628,359
2425,80.83,2,26.0,198,165,216,179
2425,80.83,2,26.0,253,141,277,153
2425,80.83,2,26.0,486,270,633,357
2426,80.87,2,26.0,199,166,217,180
2426,80.87,2,26.0,253,141,276,153
2427,80.9,2,26.0,200,166,218,180
2427,80.9,2,26.0,253,141,276,153
2428,80.93,2,26.0,200,166,220,181
2428,80.93,2,26.0,254,140,277,152
2429,80.97,2,26.0,200,166,221,181
2429,80.97,2,26.0,254,140,277,152
2430,81.0,2,26.0,201,166,222,182
2430,81.0,2,26.0,255,140,277,152
2431,81.03,2,26.0,202,166,223,183
2431,81.03,2,26.0,255,140,277,152
2432,81.07,2,26.0,202,166,225,183
2432,81.07,2,26.0,256,141,277,152
2433,81.1,2,26.0,202,164,227,184
2433,81.1,2,26.0,256,140,277,152
2433,81.1,2,26.0,199,160,226,183
2434,81.13,2,26.0,256,140,277,152
2434,81.13,2,26.0,198,159,226,184
2435,81.17,2,26.0,256,140,277,152
2435,81.17,2,26.0,200,160,227,185
2436,81.2,2,26.0,255,140,276,152
2436,81.2,2,26.0,202,161,230,186
2437,81.23,2,26.0,256,140,276,151
2437,81.23,2,26.0,203,161,232,186
2438,81.27,2,26.0,256,140,276,151
2438,81.27,2,26.0,203,160,233,187
2438,81.27,2,26.0,207,165,235,187
2439,81.3,2,26.0,256,140,275,151
2439,81.3,2,26.0,206,161,235,187
2440,81.33,2,26.0,256,140,275,151
2440,81.33,2,26.0,206,161,236,188
2441,81.37,2,26.0,256,141,275,151
2441,81.37,2,26.0,206,160,238,189
2442,81.4,2,26.0,206,160,240,191
2443,81.43,2,26.0,209,162,243,192
2444,81.47,2,26.0,210,163,243,192
2445,81.5,2,26.0,210,162,245,193
2446,81.53,2,26.0,210,163,246,194
2447,81.57,2,26.0,212,165,248,196
2448,81.6,2,26.0,214,166,250,197
2449,81.63,2,26.0,215,167,252,199
2450,81.67,2,26.0,216,168,254,200
2451,81.7,2,26.0,218,168,257,201
2452,81.73,2,26.0,219,169,260,202
2452,81.73,3,0.0,218,222,241,273
2453,81.77,2,26.0,221,169,262,203
2454,81.8,2,26.0,222,170,264,205
2455,81.83,2,26.0,224,171,267,206
2456,81.87,2,26.0,226,171,269,206
2457,81.9,2,26.0,226,172,272,209
2458,81.93,2,26.0,228,173,275,210
2459,81.97,2,26.0,230,174,278,212
2460,82.0,2,26.0,233,175,281,212
2460,82.0,3,0.0,264,205,289,242
2461,82.03,2,26.0,235,176,284,214
2461,82.03,2,26.0,267,206,294,246
2462,82.07,2,26.0,237,176,287,216
2463,82.1,2,26.0,239,178,291,217
2464,82.13,2,26.0,240,178,295,219
2464,82.13,3,0.0,285,220,320,260
2465,82.17,2,26.0,242,178,300,222
2465,82.17,3,0.0,292,225,327,265
2466,82.2,2,26.0,242,178,302,223
2466,82.2,3,0.0,295,226,330,267
2467,82.23,2,26.0,244,179,304,224
2467,82.23,3,0.0,301,229,337,271
2468,82.27,2,26.0,247,180,308,225
2469,82.3,2,26.0,249,180,313,228
2470,82.33,2,26.0,250,180,319,231
2471,82.37,2,26.0,254,182,323,233
2472,82.4,2,26.0,257,183,329,236
2473,82.43,2,26.0,259,185,334,240
2474,82.47,2,26.0,262,185,340,242
2475,82.5,2,26.0,265,185,346,244
2476,82.53,2,26.0,269,187,352,248
2477,82.57,2,26.0,272,188,358,251
2478,82.6,2,26.0,276,190,365,255
2479,82.63,2,26.0,280,191,372,258
2480,82.67,2,26.0,284,193,379,261
2481,82.7,2,26.0,288,193,388,264
2482,82.73,2,26.0,292,194,396,268
2482,82.73,3,0.0,218,242,236,277
2483,82.77,2,26.0,296,195,405,272
2483,82.77,3,0.0,221,244,239,279
2484,82.8,2,26.0,301,196,414,276
2485,82.83,2,26.0,308,199,423,280
2486,82.87,2,26.0,315,204,431,285
2487,82.9,2,26.0,322,207,441,290
2488,82.93,2,26.0,327,207,453,295
2489,82.97,2,26.0,331,208,466,301
2490,83.0,2,26.0,337,209,479,306
2491,83.03,2,26.0,345,210,493,312
2492,83.07,2,26.0,352,212,507,318
2493,83.1,2,26.0,360,214,521,324
2494,83.13,2,26.0,369,217,534,329
2495,83.17,2,26.0,378,220,547,335
2496,83.2,2,26.0,386,224,563,344
2497,83.23,2,26.0,396,226,578,350
2498,83.27,2,26.0,409,230,591,353
2499,83.3,2,26.0,421,233,605,357
2500,83.33,2,26.0,439,237,619,356
2502,83.4,2,26.0,460,243,633,357
2503,83.43,2,26.0,472,248,639,357
2504,83.47,2,26.0,479,252,639,356
2519,83.97,2,26.0,618,220,635,251
2520,84.0,2,26.0,612,217,631,250
2522,84.07,2,26.0,584,212,635,248
2523,84.1,2,26.0,578,210,632,249
2524,84.13,2,26.0,571,208,627,248
2525,84.17,2,26.0,562,207,624,249
2526,84.2,2,26.0,554,204,620,248
2527,84.23,2,26.0,545,203,611,246
2528,84.27,2,26.0,534,202,600,244
2529,84.3,2,26.0,523,201,588,240
2530,84.33,2,26.0,511,199,579,239
2531,84.37,2,26.0,502,197,570,236
2532,84.4,2,26.0,492,195,559,232
2533,84.43,2,26.0,482,193,550,230
2534,84.47,2,26.0,473,192,542,229
2535,84.5,2,26.0,462,190,533,227
2536,84.53,2,26.0,453,189,523,224
2537,84.57,2,26.0,444,187,514,222
2538,84.6,2,26.0,435,186,504,219
2539,84.63,2,26.0,428,185,494,216
2540,84.67,2,26.0,420,183,487,215
2541,84.7,2,26.0,412,182,478,213
2542,84.73,2,26.0,405,180,471,210
2543,84.77,2,26.0,398,179,464,209
2544,84.8,2,26.0,392,178,458,207
2545,84.83,2,26.0,386,177,447,204
2546,84.87,2,26.0,379,176,441,203
2547,84.9,2,26.0,373,175,434,202
2548,84.93,2,26.0,365,174,427,201
2549,84.97,2,26.0,361,173,422,199
2550,85.0,2,26.0,356,171,415,197
